INSERT INTO `declaracao` (`idDec`, `nome`, `tipoPeriodo`) VALUES
(1, 'DCTF', 'MENSAL'),
(2, 'Sped Contribuições', 'MENSAL'),
(3, 'Sped Fiscal', 'MENSAL');

INSERT INTO `empresa` (`id`, `codEmp`, `codEmpFilial`, `cnpj`, `nome`, `ativa`) VALUES
(2, '004', '1', '25535536000132', 'MULTIPLIC EMPREENDIMENTOS IMOBILIARIOS E PARTICIPACOES EIRELI ME.', 1),
(3, '005', '1', '29265311000164', 'GRAFICA BANDEIRANTES LTDA. ME.', 1),
(4, '007', '1', '30435689000148', 'ACOUGUE VILA MURY LTDA. ME.', 1),
(5, '009', '1', '32504086000186', 'ASSOCIACAO FOTO FILATELICA NUMISMATICA DE VOLTA REDONDA', 1),
(6, '010', '1', '21001816000100', 'TERRAPLAN LOCACAO E TRANSPORTE LTDA. ME.', 1),
(7, '011', '1', '22546508000122', 'GOMES FERNANDES EMPORIO E RESTAURANTE LTDA.', 1),
(8, '016', '1', '27673094000116', 'A. G. M. EMPREENDIMENTOS IMOBILIARIOS LTDA.', 1),
(9, '016', '2', '27673094000205', 'A. G. M. EMPREENDIMENTOS IMOBILIARIOS LTDA.', 1),
(10, '016', '3', '27673094000388', 'A. G. M. EMPREENDIMENTOS IMOBILIARIOS LTDA.', 1),
(11, '019', '1', '26561370000191', 'UP CLIMA CLIMATIZADORES EVAPORATIVOS LTDA. ME.', 1),
(12, '020', '1', '26580141000114', 'ARTESANALE EMPORIO E RESTAURANTE LTDA. ME.', 1),
(13, '021', '1', '29066099000106', 'UNIAO ESPIRITA DE ADVERTENCIA FRATERNAL', 1),
(14, '025', '1', '29353448000170', 'CASINHA DO HENNE COMERCIO DE COSMETICOS LTDA. ME.', 1),
(15, '027', '1', '29441771000104', 'CIRILO & SOUZA LTDA. ME.', 1),
(16, '056', '1', '02333678000111', 'BETUEL INSTALACOES E EMPREENDIMENTOS LTDA.', 1),
(17, '068', '1', '29449998000198', 'CASA DA AMIZADE DE VOLTA REDONDA', 1),
(18, '080', '1', '31033681000118', 'CONSTRUTORA AZEVEDO E COTRIK CONSTRUCOES E INCORPORACOES EIRELI', 1),
(19, '086', '1', '28794873000132', 'TECIDOS UNIBRAS EIRELI EPP', 1),
(20, '086', '2', '28794873000566', 'TECIDOS UNIBRAS EIRELI EPP', 1),
(21, '086', '3', '28794873000728', 'TECIDOS UNIBRAS EIRELI EPP', 1),
(22, '089', '1', '32493645000108', 'CONTABILIDADE REAL DE VOLTA REDONDA LTDA.', 1),
(23, '104', '1', '36511186000190', 'MECANICA ALFA RESENDE LTDA. ME.', 1),
(24, '105', '1', '01222571000133', 'A HUGUENIN DE SOUZA ME.', 1),
(25, '120', '1', '39564786000105', 'CARVALHO MENDES TECNOLOGIA E SERVICOS LTDA. EPP', 1),
(26, '156', '1', '32514226000105', 'WANDERLEY LANTERNAGEM E PINTURA LTDA. ME.', 1),
(27, '160', '1', '00890503000180', 'LAR ESPIRITA IRMA ZILA', 1),
(28, '163', '1', '32500597000120', 'COLEGIO DO INSTITUTO BATISTA AMERICANO', 1),
(29, '172', '1', '00550117000149', 'DESTRA ROUPAS E ARMARINHO LTDA. ME.', 1),
(30, '187', '1', '170631066707', 'JESSICA VIEIRA', 1),
(31, '206', '1', '86873759000102', 'INSET ROOTER PRESTACAO DE SERVICOS EIRELI', 1),
(32, '218', '1', '08057435704', 'ANTONIO LACERDA DO AMARAL', 1),
(33, '232', '1', '68713288000185', 'QUEIROZ E FILHOS PANIFICACAO LTDA. ME.', 1),
(34, '263', '1', '03398131000167', 'DECORACOES SAVASTANO EIRELI', 1),
(35, '265', '1', '03483177000184', 'JORNAL AQUI REGIONAL EIRELI EPP', 1),
(36, '269', '1', '29010766000139', 'RESTAURANTE ZE DO GRILO LTDA.', 1),
(37, '278', '1', '39758792000101', 'PINNA CONSULTORIA LTDA.', 1),
(38, '291', '1', '28324036000140', 'RECANTO TREKKER FILMES LTDA. ME.', 1),
(39, '305', '1', '03780528000119', 'AFOMAR CONSULTORIA E REPRESENTACAO LTDA.', 1),
(40, '310', '1', '03436794000129', 'ASSOCIACAO DE PAIS DE AUTISTAS E DEFICIENTES MENTAIS - APADEM', 1),
(41, '311', '1', '32507022000139', 'SERVICO DE OBRAS SOCIAIS DE VOLTA REDONDA', 1),
(42, '311', '2', '32507022000210', 'SERVICO DE OBRAS SOCIAIS DE VOLTA REDONDA', 1),
(43, '314', '1', '27006527000180', 'SERWAL-INDUSTRIA E COMERCIO DE ARTEFATOS DE CIMENTO LTDA.', 1),
(44, '319', '1', '500001680085', 'MOZART ELIZIARIO DA CUNHA', 1),
(45, '334', '1', '13991607000122', 'POLO MAGNETICO ACESSORIOS EIRELI', 1),
(46, '335', '1', '26861012000102', 'VILA MIX GRILL LTDA. ME.', 1),
(47, '336', '1', '26307891000117', 'MARCHTEIN CASTILHO, CARDOSO & REZENDE SOCIEDADE DE ADVOGADOS', 1),
(48, '337', '1', '04029116000104', 'UNA QUALITA ARTIGOS PARA O LAR EIRELI EPP', 1),
(49, '338', '1', '26727819000149', 'HIGIFAN COMERCIO E LOCACAO DE DISPENSER LTDA. ME.', 1),
(50, '339', '1', '29063781000145', 'CAMARA DE DIRIGENTES LOJISTAS DE VOLTA REDONDA', 1),
(51, '348', '1', '26688488000185', 'CARLOS CASTRO REPRESENTACOES EIRELI ME.', 1),
(52, '349', '1', '07626664000100', 'ROLSYSTEM - TECNOLOGIA EM POLIMEROS, INDUSTRIA E COMERCIO LTDA. EPP', 1),
(53, '351', '1', '30441257000140', 'J & C ARBEX PARTICIPACOES LTDA.', 1),
(54, '352', '1', '07325892000140', 'YPE AMARELO PARTICIPACOES LTDA.', 1),
(55, '353', '1', '170031130801', 'JOAO ARBEX SITIO CALA BOCA', 1),
(56, '357', '1', '500242051401', 'KELY CARVALHO VARELA', 1),
(57, '358', '1', '25265750000116', 'JCVM PARTICIPACOES LTDA.', 1),
(58, '359', '1', '31848534000104', 'V. R. CONSULTORIA, ADMINISTRACAO E CORRETAGEM DE SEGUROS LTDA. EPP', 1),
(59, '359', '2', '31848534000287', 'V. R. CONSULTORIA, ADMINISTRACAO E CORRETAGEM DE SEGUROS LTDA. EPP', 1),
(60, '362', '1', '27317439000107', 'A C E ARAUJO ZAMBOTI ME.', 1),
(61, '367', '1', '28667793000116', 'PIANOS BEER LTDA. ME.', 1),
(62, '379', '1', '170631140709', 'EGEU ALVES DE QUEIROZ', 1),
(63, '390', '1', '04678701000135', 'ORTONENSE EQUIPAMENTOS HOSPITALARES LTDA.', 1),
(64, '395', '1', '23231999000185', 'RANY RAMOS ALVES ME.', 1),
(65, '397', '1', '04804619000100', 'NUTRIR E ALIMENTAR DE VOLTA REDONDA REFEICOES COLETIVAS LTDA. EPP', 1),
(66, '401', '1', '28060472000159', 'FIRENZE EVENTOS LTDA. ME.', 1),
(67, '408', '1', '05148779000100', 'PIPING PROJETOS INDUSTRIAIS LTDA. EPP', 1),
(68, '409', '1', '03767556000104', 'OFS PARTICIPACOES LTDA.', 1),
(69, '410', '1', '04779685000177', 'OFS RJ LTDA.', 1),
(70, '412', '1', '28384835000101', 'L F MORIGGI DA COSTA ME.', 1),
(71, '413', '1', '28078351000134', 'MARCA INVEST EMPREENDIMENTOS IMOBILIARIOS E PARTICIPAÇOES LTDA.', 1),
(72, '418', '1', '28288120000155', 'ASSOCIACAO DE MORADORES E PROPRIETARIOS DE LOTE DA PIRAQUARA DE DENTRO', 1),
(73, '419', '1', '31844269000188', 'FEDERACAO DAS CAMARAS DE DIRIGENTES LOJISTAS DO ESTADO DO RIO DE JANEIRO', 1),
(74, '420', '1', '28547202000177', 'CAROLINA L DE OLIVEIRA ME.', 1),
(75, '423', '1', '28833183000145', 'VR FIT ACADEMIA LTDA.', 1),
(76, '431', '1', '28975609000103', 'A P SEGRETO', 1),
(77, '433', '1', '29242076000105', 'VOTOREX COMERCIAL DE MATERIAIS E SERVICOS INDUSTRIAIS LTDA. ME.', 1),
(78, '435', '1', '29314269000124', 'FISIO VIDA VOLTA REDONDA SERVICOS DE FISIOTERAPIA LTDA. ME.', 1),
(79, '437', '1', '05700152000110', 'CONSTRUTORA UNISOLO LTDA. ME.', 1),
(80, '437', '2', '05700152000200', 'CONSTRUTORA UNISOLO LTDA. ME.', 1),
(81, '439', '1', '05908095000160', 'ELIANE G. RODRIGUES FREDERICO - SOCIEDADE INDIVIDUAL DE ADVOCACIA', 1),
(82, '442', '1', '30232410000129', 'POSTO YPE AMARELO EIRELI', 1),
(83, '444', '1', '29061892000112', 'CENTRO ESPIRITA A CAMINHO DA LUZ', 1),
(84, '447', '1', '30735082000183', 'CHANTAL E BARROS COMERCIO DE ALIMENTOS LTDA.', 1),
(85, '448', '1', '32517757000143', 'FABRICARNE COMERCIO E INDUSTRIA DE CARNES LTDA. EPP', 1),
(86, '449', '1', '05941458000169', 'PARAMETRO CONTABILIDADE LTDA. ME.', 1),
(87, '451', '1', '05941477000195', 'PEREIRA E DAMASO BOUTIQUE LTDA. ME.', 1),
(88, '452', '1', '30959314000187', 'SABOR DO CACAU BOMBONIERE LTDA.', 1),
(89, '453', '1', '30106126000106', 'STAYSEG SERVICOS TECNICOS E DE ENGENHARIA DE SEGURANCA DO TRABALHO LTDA.', 1),
(90, '454', '1', '27859780000186', 'DTI VOLTA REDONDA SERVICOS E TECNOLOGIA DIGITAL LTDA. ME.', 1),
(91, '455', '1', '23739748000106', 'EL NUNES BAR LTDA. ME.', 1),
(92, '460', '1', '03557625000147', 'GILDELIA SILVESTRE DA CRUZ PEREIRA ME.', 1),
(93, '468', '1', '08154972000142', 'MADEIROS REFLORESTAL PINHEIRAL INDUSTRIA E COMERCIO LTDA', 1),
(94, '470', '1', '30821067000158', 'TERRATRANS LOCACAO EIRELI', 1),
(95, '476', '1', '30914927000106', 'POLO GRILL EIRELI', 1),
(96, '476', '2', '30914927000289', 'POLO GRILL EIRELI', 1),
(97, '477', '1', '30893117000102', 'BRAZILIANDO VIAGENS E VIVENCIAS LTDA.', 1),
(98, '478', '1', '31034053000157', 'ESPACO HOME DECORACAO E UTILIDADES EIRELI', 1),
(99, '481', '1', '07023921000119', 'LADEIRA CENTRAL DE TINTAS LTDA. ME.', 1),
(100, '483', '1', '06942842000149', 'FERREIRA PINTO COZINHA MODULADA LTDA. ME', 1),
(101, '490', '1', '31473447000101', 'O DOS SANTOS NETO CALCADOS', 1),
(102, '493', '1', '04136367003103', 'FMC QUIMICA DO BRASIL LTDA.', 1),
(103, '493', '2', '04136367003707', 'FMC QUIMICA DO BRASIL LTDA.', 1),
(104, '494', '1', '31713644000150', 'DOCE INFANCIA ARTIGOS DO VESTUARIO EIRELI', 1),
(105, '496', '1', '32505915000145', 'L ALVES DOMINGOS', 1),
(106, '497', '1', '31289448000109', 'AM CUNHA BENEFICIOS', 1),
(107, '499', '1', '32680972000160', 'OLIVEIRA E LIMA REPRESENTACAO COMERCIAL LTDA.', 1),
(108, '502', '1', '32754359000140', 'COLLINAS BAR E RESTAURANTE LTDA.', 1),
(109, '507', '1', '07325977000128', 'CONTROLS CONTABILIDADE LTDA. ME.', 1),
(110, '509', '1', '32756369000115', 'EZEDEQUIAS GOMES FERNANDES', 1),
(111, '511', '1', '32507550000198', 'ASSOCIACAO COMERCIAL, INDUSTRIAL, DE SERVICOS E DA AGROPECUARIA DE VOLTA REDONDA', 1),
(112, '512', '1', '07462430000174', 'BONETECH REPRESENTACAO DE EQUIPAMENTOS E MATERIAIS CIRURGICOS LTDA.', 1),
(113, '519', '1', '07380268000145', 'OFS EMPREENDIMENTOS IMOBILIARIOS LTDA.', 1),
(114, '520', '1', '170040018788', 'FLAVIO DE MORAES', 1),
(115, '521', '1', '33116749000158', 'HISTORY DIGITAL PRODUCOES LTDA.', 1),
(116, '522', '1', '07508489000156', 'MARLUCI S.MARTINS COMERCIO DE UTILIDADES PARA O LAR E ELETRONICA ME.', 1),
(117, '524', '1', '07605704000137', 'GIBA HC EMPREENDIMENTOS IMOBILIARIOS LTDA.', 1),
(118, '525', '1', '33224334000106', 'MAJU COMERCIO E SERVICO DE TELECOMUNICACOES LTDA.', 1),
(119, '527', '1', '32519951000168', 'PORTAL DA SAUDADE CEMITERIO PARQUE E CREMATORIO LTDA.', 1),
(120, '530', '1', '800024050508', 'MARLUCIA REIS VALENTE MAIA', 1),
(121, '532', '1', '33560635000100', 'NUTRIGELLATO FABRICA DE SORVETES EIRELI', 1),
(122, '533', '1', '07751940000161', 'ANTONIO COSTA CARDOSO EIRELI', 1),
(123, '533', '2', '07751940000242', 'ANTONIO COSTA CARDOSO EIRELI', 1),
(124, '533', '3', '07751940000323', 'ANTONIO COSTA CARDOSO EIRELI', 1),
(125, '539', '1', '12412304000145', 'M CANDIDA DA SILVA ASSUMCAO ME.', 1),
(126, '542', '1', '08032833000146', 'MICHELSTAEDTER E AZEVEDO LTDA. ME.', 1),
(127, '544', '1', '33640118000133', 'ANGRA CLASS ARTIGOS PARA O LAR EIRELI', 1),
(128, '544', '2', '33640118000214', 'ANGRA CLASS ARTIGOS PARA O LAR EIRELI', 1),
(129, '545', '1', '33836662000155', 'UNIAO JT AGROPECUARIA E PET SHOP LTDA.', 1),
(130, '546', '1', '34129436000105', 'ENOVI PROJETOS INDUSTRIAIS LTDA.', 1),
(131, '548', '1', '34152845000114', 'JACIARA ORGANIZACAO DE FESTAS EIRELI', 1),
(132, '553', '1', '35351223000188', 'ACUCAR MASCAVO CAFE LTDA.', 1),
(133, '558', '1', '08246504000106', 'VINIPLAN EFICACIA EM PLANEJAMENTO DE PROJETOS LTDA. EPP', 1),
(134, '558', '2', '08246504000289', 'VINIPLAN EFICACIA EM PLANEJAMENTO DE PROJETOS LTDA. EPP', 1),
(135, '561', '1', '34714266000118', 'CLINICA MEDICA LONGEVITA LTDA.', 1),
(136, '563', '1', '34750370000168', 'INCORVR - INSTITUTO DO CORACAO DE VOLTA REDONDA LTDA.', 1),
(137, '570', '1', '35605548000140', 'JULIANA DE JESUS DA CONCEICAO', 1),
(138, '571', '1', '27895242000147', 'CLAJOS FERRAGENS LTDA.', 1),
(139, '581', '1', '08878669000192', 'M J SOARES PROJETOS DE ENGENHARIA LTDA.', 1),
(140, '588', '1', '09445555000111', 'BETUEL ENGENHARIA LTDA.', 1),
(141, '589', '1', '09074678000193', 'LACERDA RIBEIRO COMERCIO DE INSUMOS AGROPECUARIOS LTDA. ME.', 1),
(142, '590', '1', '35128426000100', 'L M S ACESSORIOS VR LTDA.', 1),
(143, '591', '1', '35357397000158', 'OPTE ENGENHARIA E TECNOLOGIA LTDA.', 1),
(144, '592', '1', '35605449000168', 'VICTOR BALAS E DOCES LTDA.', 1),
(145, '593', '2', '17602971000295', 'HLB ODONTOLOGIA LTDA.', 1),
(146, '597', '1', '09159510000180', 'VITORIA COMERCIO DE ARTIGOS PARA O LAR LTDA.ME.', 1),
(147, '597', '2', '09159510000261', 'VITORIA COMERCIO DE ARTIGOS PARA O LAR LTDA.ME.', 1),
(148, '599', '1', '35724876000165', 'LETICIA DE LIMA CASTRO SANTOS LTDA.', 1),
(149, '602', '1', '10249595000177', 'COTRIK LOCACAO DE IMOVEIS LTDA.', 1),
(150, '604', '1', '36550409000129', 'JOSIANE REPRESENTACAO COMERCIAL LTDA.', 1),
(151, '605', '1', '09643708000135', 'VERSAO VILA CONSULTORIA EIRELI', 1),
(152, '607', '1', '32839426000120', 'ALCIONE PEREIRA MACHADO LUIZ 07221217769', 1),
(153, '608', '1', '29132144000183', 'GRUPO ESPIRITA HUMANIZAR SUL FLUMINENSE', 1),
(154, '609', '1', '36312928000159', 'FOX CLEAN CONSERVACAO E LIMPEZA LTDA.', 1),
(155, '610', '1', '36331022000181', 'JANAINA ALICE DOS SANTOS DA SILVA LTDA.', 1),
(156, '612', '1', '35991368000143', 'LA BELLA CHOCOLATERIA LTDA.', 1),
(157, '613', '1', '10705801000378', 'ATUAL VIDROS PARA MAQUINAS PESADAS LTDA.', 1),
(158, '613', '2', '10705801000106', 'ATUAL VIDROS PARA MAQUINAS PESADAS LTDA.', 1),
(159, '614', '1', '38305558000158', 'JTR CONSTRUCOES LTDA.', 1),
(160, '615', '1', '36379649000102', 'CORETO FORNECEDOR LTDA.', 1),
(161, '616', '1', '36407255000110', 'ABRANTES E ABRANTES CONSULTORES ASSOCIADOS LTDA.', 1),
(162, '617', '1', '40115847000136', 'SANTA THEREZA COMERCIO DE PEIXES LTDA.', 1),
(163, '618', '1', '40578711000162', 'ELLEN REIS ARTIGOS DO VESTUARIO LTDA.', 1),
(164, '619', '1', '37095061000190', 'DESEJO DOS PES CALCADOS E ACESSORIOS LTDA.', 1),
(165, '622', '1', '31308126000151', 'GELATERIA BUONO LTDA.', 1),
(166, '623', '1', '39763842000130', 'CONDOMINIO DO EDIFICIO RESIDENCIAL REAL FLAT', 1),
(167, '626', '1', '01812507000102', 'CONDOMINIO DO EDIFICIO CICERO MARTINELLI', 1),
(168, '631', '1', '36503761000103', 'CONDOMINIO DO EDIFICIO CECISA II', 1),
(169, '643', '1', '37295734000155', '3P VENDA DE AUTOMOVEIS LTDA.', 1),
(170, '644', '1', '33163064000162', 'IPIABAS AGRO RURAL LTDA.', 1),
(171, '644', '2', '33163064000243', 'IPIABAS AGRO RURAL LTDA.', 1),
(172, '644', '3', '33163064000324', 'IPIABAS AGRO RURAL LTDA.', 1),
(173, '644', '4', '33163064000405', 'IPIABAS AGRO RURAL LTDA.', 1),
(174, '644', '5', '33163064000596', 'IPIABAS AGRO RURAL LTDA.', 1),
(175, '658', '1', '10398156000126', 'SINDICATO DOS TRANSPORTADORES AUTONOMOS DE CARGAS DE VOLTA REDONDA E REGIAO SUL FLUMINENSE', 1),
(176, '664', '1', '39367093000122', 'CONSTRUNUT PARTICIPACOES LTDA.', 1),
(177, '667', '1', '17459755000151', 'ARNALDO CAMPOS SOARES ME.', 1),
(178, '670', '1', '01682589000118', 'COLONIAL DISTRIBUIDORA E SERVICOS LTDA. ME.', 1),
(179, '673', '1', '38542623000169', 'HG PARTICIPACOES LTDA.', 1),
(180, '675', '1', '36503247000178', 'IZAURO JOSE SILVESTRE DOS SANTOS 95749004600', 1),
(181, '678', '1', '38242410000111', 'ALMADA E ANDRADE SERVICOS ODONTOLOGICOS LTDA.', 1),
(182, '679', '1', '11022854000195', 'CONSTRU-SERVICE CONSERVACAO E LIMPEZA EIRELI EPP', 1),
(183, '679', '2', '11022854000276', 'CONSTRU-SERVICE CONSERVACAO E LIMPEZA EIRELI EPP', 1),
(184, '680', '1', '512248592304', 'JEAN PIERRE AQUINO DE ALMEIDA', 1),
(185, '682', '1', '38486440000173', 'AZIMUTE ENERGIA SOLAR E AUTOMACAO RESIDENCIAL LTDA.', 1),
(186, '685', '1', '11246553000145', 'MALDONADO ADVOGADOS ASSOCIADOS', 1),
(187, '688', '1', '11351487000173', 'HORTIFRUTI MARQUINHO LTDA. ME.', 1),
(188, '691', '1', '03251933000140', 'SIETON ENGENHARIA E CONSTRUCOES LTDA.', 1),
(189, '698', '1', '38593609000194', 'PREMIUM VIDROS E ESQUADRIAS DE ALUMINIO LTDA.', 1),
(190, '699', '1', '61442737004146', 'INDUSTRIAS BRASILEIRAS DE ARTIGOS REFRATARIOS - IBAR - LTDA.', 1),
(191, '703', '1', '10957159000152', 'ELITE CIRURGICA COMERCIO DE MATERIAL HOSPITALAR EIRELI. ME.', 1),
(192, '708', '1', '39330431000151', 'ALV INOVA CONSULTORIA E ASSESSORIA EMPRESARIAL LTDA.', 1),
(193, '709', '1', '39540325000100', 'E R S COMERCIO DE VEICULOS NOVOS E USADOS LTDA.', 1),
(194, '712', '1', '22789645000198', 'DANIEL DE JESUS SILVA ME.', 1),
(195, '720', '1', '17650765000170', 'WAGNER G. FAXAS B. CAMPOS ME.', 1),
(196, '723', '1', '12399653000174', 'PARK VILA ESTACIONAMENTO LTDA.', 1),
(197, '727', '1', '39645441000186', 'POLO GOURMET LTDA.', 1),
(198, '730', '1', '32488777000133', 'DISPROAL COMERCIAL DE PRODUTOS ALIMENTARES LTDA.', 1),
(199, '731', '1', '08222359000115', 'CFLC EMPREENDIMENTOS E PARTICIPACOES LTDA.', 1),
(200, '734', '1', '97519055000144', 'M S PEREIRA COMERCIO DE COSMETICOS ME.', 1),
(201, '735', '1', '32521015000191', 'IGREJA EVANGELICA ASSEMBLEIA DE DEUS VIDA', 1),
(202, '737', '1', '13656825000100', 'OFFICE SOLUCOES DIGITAIS LTDA. ME.', 1),
(203, '750', '1', '39734190000106', 'ACESSO CLINICA MEDICA DE VOLTA REDONDA LTDA.', 1),
(204, '751', '1', '29824562000131', 'A O MENDONCA BAR E MERCEARIA', 1),
(205, '752', '1', '39691297000114', 'DA ARTE AO SABOR COMERCIO DE PRODUTOS NATURAIS E ARTESANAIS LTDA.', 1),
(206, '754', '1', '35853837000168', 'A.S.L. DA SILVA ACOUGUE ME.', 1),
(207, '757', '1', '32495988000101', 'AGROPECO-AGROPECUARIA COMERCIAL LTDA.ME.', 1),
(208, '758', '1', '39527817000158', 'ACO RUBER COMERCIAL LTDA. ME.', 1),
(209, '758', '2', '39527817000239', 'ACO RUBER COMERCIAL LTDA. ME.', 1),
(210, '758', '3', '39527817000310', 'ACO RUBER COMERCIAL LTDA. ME.', 1),
(211, '760', '1', '39545025000106', 'ARAUJO E BALBINO LTDA. ME.', 1),
(212, '761', '1', '14239427000151', 'GG COMERCIO DE BEBIDAS LTDA.', 1),
(213, '770', '1', '06881110000196', 'LIFECARE SERVICOS DE FISIOTERAPIA E SAUDE LTDA.', 1),
(214, '771', '1', '05483497000160', 'ACIMA GRAFICA E EDITORA EIRELI', 1),
(215, '771', '2', '05483497000240', 'ACIMA GRAFICA E EDITORA EIRELI', 1),
(216, '774', '1', '10275760000165', 'ALEXANDRE E MATTOS LOCACAO E MONTAGEM DE BENS MOVEIS LTDA. ME.', 1),
(217, '775', '1', '41151898000186', 'HL EMBALAGENS LTDA.', 1),
(218, '777', '1', '42124901000135', 'MAGNO COUTINHO STUDIO LTDA.', 1),
(219, '779', '1', '30151138000152', 'BAR E MERCEARIA LUZIVONE LTDA. ME.', 1),
(220, '784', '1', '39555313000141', 'PAPEX - PAPELARIA E XEROGRAFIA LTDA. ME.', 1),
(221, '785', '1', '32507766000153', 'CONDOMINIO DO EDIFICIO CLEMENTE DE FARIA', 1),
(222, '790', '1', '29293826000178', 'COMINDRE MANGUEIRAS E CONEXOES LTDA. EPP', 1),
(223, '790', '2', '29293826000259', 'COMINDRE MANGUEIRAS E CONEXOES LTDA. EPP', 1),
(224, '792', '1', '03347695000170', 'DROGARIA HONESTA LTDA. ME.', 1),
(225, '792', '2', '03347695000251', 'DROGARIA HONESTA LTDA. ME.', 1),
(226, '794', '1', '09059903000112', 'BERNARDES E OLIVEIRA LTDA. ME.', 1),
(227, '800', '1', '17309257000122', 'CONDOMINIO DO EDIFICIO BOSSA NOVA', 1),
(228, '803', '1', '05318046000177', 'E.S.FONSECA ME.', 1),
(229, '806', '1', '08051920000140', 'FREITAS & RIBEIRO COMERCIO DE OCULOS LTDA. ME.', 1),
(230, '806', '2', '08051920000221', 'FREITAS & RIBEIRO COMERCIO DE OCULOS LTDA. ME.', 1),
(231, '810', '1', '32521189000154', 'GEUCH PAPELARIA E EMBALAGEM LTDA. ME.', 1),
(232, '824', '1', '07522264000154', 'LACAROTE 2005 COMERCIO DE ROUPAS LTDA. ME.', 1),
(233, '827', '1', '00686671000158', 'CASF AUTO CENTER LTDA. ME.', 1),
(234, '828', '1', '07586488000120', 'LUG SERVIÇOS MÉDICOS LTDA. ME.', 1),
(235, '831', '1', '39203435000179', 'MINIMERCADO MALUKO LTDA. ME.', 1),
(236, '834', '1', '08002497000199', 'MARTINS & PAIVA COMERCIO DE DOCES LTDA. ME.', 1),
(237, '842', '1', '24804199000179', 'LOCAL PARK ESTACIONAMENTO LTDA.', 1),
(238, '847', '1', '31308638000118', 'OILWELL ASSESSORIA LTDA.', 1),
(239, '848', '1', '27691971000181', 'O AMIGAO ATACADO E VAREJO DE MIUDEZAS LTDA. EPP', 1),
(240, '853', '1', '04417225000107', 'R.M. BARUD CONFECCOES LTDA. ME.', 1),
(241, '854', '1', '39205786000119', 'SUDESTE QUIMICA INDUSTRIAL LTDA. ME.', 1),
(242, '860', '1', '31848245000105', 'STEND SOCIEDADE TECNICA DE ENSAIOS NAO DESTRUTIVOS S/S LTDA.', 1),
(243, '861', '1', '74018789000144', 'SYND POINT BOUTIQUE LTDA. ME.', 1),
(244, '869', '1', '39535125000151', 'TEXABRIL DISTRIBUIDORA DE PRODUTOS DE LIMPEZA LTDA. ME.', 1),
(245, '877', '1', '39205174000126', 'VOLDAC MATERIAIS DE CONSTRUCAO LTDA. ME.', 1),
(246, '878', '1', '07538823000114', 'V. HELENA DE SOUZA MERCEARIA ME.', 1),
(247, '880', '1', '39777941000171', 'VIGILANCIA CIDADE DO ACO LTDA. ME.', 1),
(248, '880', '2', '39777941000252', 'VIGILANCIA CIDADE DO ACO LTDA. ME.', 1),
(249, '896', '1', '14864709000140', 'REGNO ANIMALE CLINICA VETERINARIA E SERVICOS DE BANHO E TOSA LTDA.', 1),
(250, '900', '1', '13126899000135', 'CENTRO DE FORMACAO DE OPERADORES E ESPECIALIZACAO LTDA.', 1),
(251, '905', '1', '21471304000107', 'RK FRAZAO REPRESENTACOES LTDA.', 1),
(252, '908', '1', '39205679000190', 'PENEDO TRANSPORTES EIRELI EPP', 1),
(253, '912', '1', '20131681000134', 'VIPER CONSTRUTORA E INCORPORADORA LTDA.', 1),
(254, '916', '1', '00918819000132', 'MIX GRILL LTDA. ME.', 1),
(255, '916', '2', '00918819000485', 'MIX GRILL LTDA. ME.', 1),
(256, '919', '1', '24604330000154', 'MARILZA S M OLIVEIRA ME.', 1),
(257, '924', '1', '10386033000175', 'LUIZ CARLOS DA SILVA TRANSPORTES EIRELI', 1),
(258, '924', '2', '10386033000256', 'LUIZ CARLOS DA SILVA TRANSPORTES EIRELI', 1),
(259, '929', '1', '10421102000134', 'CR FIRE INSTALACAO DE SISTEMA DE PREVENCAO CONTRA INCENDIO LTDA. ME.', 1),
(260, '931', '1', '18136836000183', 'BRIGITTE CALCADOS EIRELI ME.', 1),
(261, '931', '2', '18136836000264', 'BRIGITTE CALCADOS EIRELI ME.', 1),
(262, '931', '3', '18136836000345', 'BRIGITTE CALCADOS EIRELI ME.', 1),
(263, '934', '1', '25359149000192', 'FENIX MATERIAL DE CONSTRUCAO DE PIRAI LTDA. ME.', 1),
(264, '939', '1', '04690081000150', 'L R PACHECO EPP', 1),
(265, '940', '1', '25207685000172', 'HR GOURMET LTDA. ME.', 1),
(266, '944', '1', '21998431000169', 'LED ADMINISTRACAO DE BENS PROPRIOS LTDA.', 1),
(267, '945', '1', '21245173000140', 'DIVAS VR ESMALTERIA LTDA. ME.', 1),
(268, '958', '1', '17624211000106', 'MALDONADO LEGAL SOLUTIONS LTDA. ME.', 1),
(269, '963', '1', '13731182000112', 'SESBRA PLUS CORRETORA DE SEGUROS LTDA.', 1),
(270, '966', '1', '18000628000152', 'CONSTRUTORA BRITO E CABETT LTDA.', 1),
(271, '976', '1', '15417697000178', 'NEOTON CONSTRUTORA E INCORPORADORA LTDA.', 1),
(272, '977', '1', '700084199403', 'ANTONIO FERNANDO PINTO', 1),
(273, '978', '1', '16530662000103', 'VINIPLAN TECNOLOGIAS PARA GERENCIAR PROJETOS LTDA. ME.', 1),
(274, '983', '1', '15835805000122', 'QUALIDVIDA CENTRO DE ATENDIMENTO PARA AUTISTAS LTDA.', 1),
(275, '993', '1', '21372526000172', 'L & J CONSTRUTORA E INCORPORADORA LTDA.', 1),
(276, '765', '1', '32487266000105', 'PEDREIRA VOLTA REDONDA EIRELLI', 1),
(277, '759', '1', '42283743000166', 'TRANSPORTADORA REIS SILVA LTDA', 1);

INSERT INTO `role` (`id`, `nome`, `descricao`) VALUES
(1, 'ROLE_ADMIN', 'Admin'),
(2, 'ROLE_USER', 'User'),
(3, 'ROLE_RESTRITO', 'Restrito');

INSERT INTO `usuario` (`id`, `login`, `nome`, `senha`, `ativo`, `email`, `sobrenome`, `token_reset_senha`) VALUES
(1, 'cleyton', 'Cleyton', '$2a$10$qqb0ZLmIRn8z7CHP9/qSo.mRw4HMu4MEnd4szQ48sH/Cez1g3lnuG', 1, 'cleyton@contabilidadereal.com.br', 'Barbosa Coelho', 'sw3vZ63ed9yQKcB2vwGkYxaKOvcVSE'),
(2, 'rafael', 'Rafael', '$2a$10$hxM28oMdCMhtRwswckYhpOHhz8Nsf7D4BVN1p3BFHwisvz0XxgIJC', 1, 'real@contabilidadereal.com.br', 'Ramalho', NULL),
(3, 'vinicius', 'Vinícius', '$2a$10$ct6jCV/6zUfq9JfmNSAglemtJTA2uHkL9XB2l4D3TdO1Oc23tiPMm', 1, '', 'Rangel', NULL);

INSERT INTO `usuarios_roles` (`usuario_id`, `role_id`) VALUES
(1, 1),
(2, 1),
(3, 1),
(1, 2),
(2, 2),
(3, 2),
(1, 3),
(3, 3);

INSERT INTO `grupo` (`id`, `nome`, `descricao`) VALUES
(1, 'Empresas DCTF', 'Empresas que entregam DCTF Mensalmente'),
(2, 'SPED CONTRIBUIÇÕES', ''),
(3, 'SPED CONTRIBUIÇÕES 2', ''),
(4, 'SPED FISCAL', '');


INSERT INTO `grupoempresa` (`id`, `idgrup`, `idemp`) VALUES
(1, 2, 8),
(2, 2, 16),
(3, 2, 18),
(4, 2, 67),
(5, 2, 117),
(6, 2, 53),
(7, 2, 57),
(8, 2, 119),
(9, 2, 126),
(10, 2, 133),
(11, 2, 149),
(12, 2, 170),
(13, 2, 188),
(14, 2, 238),
(15, 2, 266),
(16, 2, 270),
(17, 2, 271),
(18, 2, 273),
(19, 2, 275),
(20, 2, 75),
(21, 2, 159),
(22, 2, 179),
(23, 2, 241),
(25, 3, 8),
(26, 3, 16),
(27, 3, 18),
(28, 3, 67),
(29, 3, 117),
(30, 3, 119),
(31, 3, 126),
(32, 3, 133),
(33, 3, 149),
(34, 3, 170),
(35, 3, 188),
(36, 3, 238),
(37, 3, 266),
(38, 3, 270),
(39, 3, 2),
(40, 3, 53),
(41, 3, 54),
(42, 3, 57),
(43, 3, 71),
(44, 3, 75),
(45, 3, 76),
(46, 3, 139),
(47, 3, 140),
(48, 3, 159),
(49, 3, 169),
(50, 3, 176),
(51, 3, 179),
(52, 3, 182),
(53, 3, 191),
(54, 3, 193),
(55, 3, 194),
(56, 3, 200),
(57, 3, 208),
(58, 3, 222),
(59, 3, 241),
(61, 3, 252),
(62, 3, 271),
(63, 3, 273),
(65, 3, 247),
(66, 3, 276),
(67, 2, 247),
(68, 2, 176),
(69, 4, 27),
(70, 4, 169),
(71, 4, 174),
(72, 4, 193),
(73, 4, 208),
(74, 4, 209),
(75, 4, 210),
(76, 4, 217),
(77, 4, 223),
(78, 4, 244),
(79, 4, 252),
(80, 1, 5),
(81, 1, 8),
(82, 1, 16),
(83, 1, 17),
(84, 1, 18),
(85, 1, 27),
(86, 1, 28),
(87, 1, 40),
(88, 1, 53),
(89, 1, 57),
(90, 1, 69),
(91, 1, 71),
(92, 1, 72),
(93, 1, 73),
(94, 1, 76),
(95, 1, 83),
(96, 1, 111),
(97, 1, 117),
(98, 1, 126),
(99, 1, 139),
(100, 1, 140),
(101, 1, 149),
(102, 1, 159),
(103, 1, 169),
(104, 1, 170),
(105, 1, 176),
(106, 1, 179),
(107, 1, 193),
(108, 1, 194),
(109, 1, 200),
(110, 1, 201),
(111, 1, 222),
(112, 1, 238),
(113, 1, 266),
(114, 1, 270),
(115, 1, 271),
(116, 1, 275),
(117, 1, 13),
(118, 1, 41),
(119, 1, 50),
(120, 1, 54),
(121, 1, 67),
(122, 1, 75),
(123, 1, 119),
(124, 1, 133),
(125, 1, 175),
(126, 1, 182),
(127, 1, 188),
(128, 1, 191),
(129, 1, 208),
(130, 1, 241),
(131, 1, 247),
(132, 1, 252),
(133, 1, 273);



INSERT INTO `solicitacao` (`id`, `competencia`, `tipoDec`, `observacao`, `status`, `id_declaracao`, `id_empresa`, `dataSolicitacao`, `id_usuario_solicita`, `dataRetorno`, `id_usuario_retorno`) VALUES
(16, '2021-05', 'ORIGINAL', '', 'ENTREGUE', 2, 16, '2021-07-15 13:11:44', 2, '2021-07-15 13:12:05', 2),
(17, '2021-05', 'ORIGINAL', '', 'ENTREGUE', 2, 8, '2021-07-15 13:37:13', 2, '2021-07-15 13:38:05', 2),
(18, '2021-05', 'ORIGINAL', '', 'ENTREGUE', 2, 18, '2021-07-15 13:37:13', 2, '2021-07-15 13:38:06', 2),
(19, '2021-05', 'ORIGINAL', '', 'ENTREGUE', 2, 67, '2021-07-15 13:37:13', 2, '2021-07-15 13:39:20', 2),
(20, '2021-05', 'ORIGINAL', '', 'ENTREGUE', 2, 117, '2021-07-15 13:37:13', 2, '2021-07-15 13:39:29', 2),
(21, '2021-05', 'ORIGINAL', '', 'ENTREGUE', 2, 119, '2021-07-15 13:37:14', 2, '2021-07-15 13:39:31', 2),
(22, '2021-05', 'ORIGINAL', '', 'ENTREGUE', 2, 126, '2021-07-15 13:37:14', 2, '2021-07-15 13:39:34', 2),
(23, '2021-05', 'ORIGINAL', '', 'ENTREGUE', 2, 133, '2021-07-15 13:37:14', 2, '2021-07-15 13:39:36', 2),
(24, '2021-05', 'ORIGINAL', '', 'ENTREGUE', 2, 149, '2021-07-15 13:37:14', 2, '2021-07-15 13:39:43', 2),
(25, '2021-05', 'ORIGINAL', '', 'ENTREGUE', 2, 170, '2021-07-15 13:37:14', 2, '2021-07-15 13:39:50', 2),
(26, '2021-05', 'ORIGINAL', '', 'ENTREGUE', 2, 188, '2021-07-15 13:37:14', 2, '2021-07-15 13:40:01', 2),
(27, '2021-05', 'ORIGINAL', '', 'ENTREGUE', 2, 238, '2021-07-15 13:37:14', 2, '2021-07-15 13:39:12', 2),
(28, '2021-05', 'ORIGINAL', '', 'ENTREGUE', 2, 266, '2021-07-15 13:37:14', 2, '2021-07-15 13:38:42', 2),
(29, '2021-05', 'ORIGINAL', '', 'ENTREGUE', 2, 270, '2021-07-15 13:37:14', 2, '2021-07-15 13:38:40', 2),
(30, '2021-05', 'ORIGINAL', '', 'ENTREGUE', 2, 2, '2021-07-15 13:37:14', 2, '2021-07-15 13:38:02', 2),
(31, '2021-05', 'ORIGINAL', '', 'ENTREGUE', 2, 53, '2021-07-15 13:37:14', 2, '2021-07-15 13:38:09', 2),
(32, '2021-05', 'ORIGINAL', '', 'ENTREGUE', 2, 54, '2021-07-15 13:37:14', 2, '2021-07-15 13:38:11', 2),
(33, '2021-05', 'ORIGINAL', '', 'ENTREGUE', 2, 57, '2021-07-15 13:37:14', 2, '2021-07-15 13:38:14', 2),
(34, '2021-05', 'ORIGINAL', '', 'ENTREGUE', 2, 71, '2021-07-15 13:37:14', 2, '2021-07-15 13:39:22', 2),
(35, '2021-05', 'ORIGINAL', '', 'ENTREGUE', 2, 75, '2021-07-15 13:37:14', 2, '2021-07-15 13:39:25', 2),
(36, '2021-05', 'ORIGINAL', '', 'ENTREGUE', 2, 76, '2021-07-15 13:37:15', 2, '2021-07-15 13:39:27', 2),
(37, '2021-05', 'ORIGINAL', '', 'ENTREGUE', 2, 139, '2021-07-15 13:37:15', 2, '2021-07-15 13:39:38', 2),
(38, '2021-05', 'ORIGINAL', '', 'ENTREGUE', 2, 140, '2021-07-15 13:37:15', 2, '2021-07-15 13:39:41', 2),
(39, '2021-05', 'ORIGINAL', '', 'ENTREGUE', 2, 159, '2021-07-15 13:37:15', 2, '2021-07-15 13:39:46', 2),
(40, '2021-05', 'ORIGINAL', '', 'ENTREGUE', 2, 169, '2021-07-15 13:37:15', 2, '2021-07-15 13:39:48', 2),
(41, '2021-05', 'ORIGINAL', '', 'ENTREGUE', 2, 176, '2021-07-15 13:37:15', 2, '2021-07-15 13:39:53', 2),
(42, '2021-05', 'ORIGINAL', '', 'ENTREGUE', 2, 179, '2021-07-15 13:37:15', 2, '2021-07-15 13:39:56', 2),
(43, '2021-05', 'ORIGINAL', '', 'ENTREGUE', 2, 182, '2021-07-15 13:37:15', 2, '2021-07-15 13:39:58', 2),
(44, '2021-05', 'ORIGINAL', '', 'ENTREGUE', 2, 191, '2021-07-15 13:37:15', 2, '2021-07-15 13:40:03', 2),
(45, '2021-05', 'ORIGINAL', '', 'ENTREGUE', 2, 193, '2021-07-15 13:37:15', 2, '2021-07-15 13:40:06', 2),
(46, '2021-05', 'ORIGINAL', '', 'ENTREGUE', 2, 194, '2021-07-15 13:37:16', 2, '2021-07-15 13:40:08', 2),
(47, '2021-05', 'ORIGINAL', '', 'ENTREGUE', 2, 200, '2021-07-15 13:37:16', 2, '2021-07-15 13:40:11', 2),
(48, '2021-05', 'ORIGINAL', '', 'ENTREGUE', 2, 208, '2021-07-15 13:37:16', 2, '2021-07-15 13:40:15', 2),
(49, '2021-05', 'ORIGINAL', '', 'ENTREGUE', 2, 222, '2021-07-15 13:37:16', 2, '2021-07-15 13:40:17', 2),
(50, '2021-05', 'ORIGINAL', '', 'ENTREGUE', 2, 241, '2021-07-15 13:37:16', 2, '2021-07-15 13:39:00', 2),
(51, '2021-05', 'ORIGINAL', '', 'ENTREGUE', 2, 247, '2021-07-15 13:37:16', 2, '2021-07-15 13:38:54', 2),
(52, '2021-05', 'ORIGINAL', '', 'ENTREGUE', 2, 252, '2021-07-15 13:37:16', 2, '2021-07-15 13:38:52', 2),
(53, '2021-05', 'ORIGINAL', '', 'ENTREGUE', 2, 271, '2021-07-15 13:37:16', 2, '2021-07-15 13:38:37', 2),
(54, '2021-05', 'ORIGINAL', '', 'ENTREGUE', 2, 273, '2021-07-15 13:37:16', 2, '2021-07-15 13:38:34', 2),
(55, '2021-06', 'ORIGINAL', 'Extinção', 'ENTREGUE', 1, 153, '2021-07-15 14:45:09', 1, '2021-07-15 15:15:23', 2),
(56, '2020-09', 'SUBSTITUTO', '', 'ENTREGUE', 3, 171, '2021-07-19 11:08:22', 1, '2021-07-19 11:16:25', 1),
(57, '2021-05', 'ORIGINAL', '', 'ENTREGUE', 1, 5, '2021-07-19 12:41:25', 1, '2021-07-19 15:04:15', 3),
(58, '2021-05', 'ORIGINAL', '', 'ENTREGUE', 1, 8, '2021-07-19 12:41:26', 1, '2021-07-19 14:17:44', 3),
(59, '2021-05', 'ORIGINAL', '', 'ENTREGUE', 1, 17, '2021-07-19 12:41:26', 1, '2021-07-19 15:30:09', 2),
(60, '2021-05', 'ORIGINAL', '', 'ENTREGUE', 1, 18, '2021-07-19 12:41:26', 1, '2021-07-19 15:31:15', 2),
(61, '2021-05', 'ORIGINAL', '', 'ENTREGUE', 1, 27, '2021-07-19 12:41:27', 1, '2021-07-19 15:01:56', 3),
(62, '2021-05', 'ORIGINAL', '', 'ENTREGUE', 1, 28, '2021-07-19 12:41:27', 1, '2021-07-19 15:24:53', 2),
(63, '2021-05', 'ORIGINAL', '', 'ENTREGUE', 1, 40, '2021-07-19 12:41:27', 1, '2021-07-19 15:05:34', 3),
(64, '2021-05', 'ORIGINAL', '', 'ENTREGUE', 1, 53, '2021-07-19 12:41:27', 1, '2021-07-19 15:01:44', 3),
(65, '2021-05', 'ORIGINAL', '', 'ENTREGUE', 1, 57, '2021-07-19 12:41:27', 1, '2021-07-19 15:23:55', 2),
(66, '2021-05', 'ORIGINAL', '', 'ENTREGUE', 1, 72, '2021-07-19 12:41:27', 1, '2021-07-19 15:01:21', 3),
(67, '2021-05', 'ORIGINAL', '', 'ENTREGUE', 1, 73, '2021-07-19 12:41:27', 1, '2021-07-19 15:00:42', 3),
(68, '2021-05', 'ORIGINAL', '', 'ENTREGUE', 1, 83, '2021-07-19 12:41:27', 1, '2021-07-19 15:01:33', 3),
(69, '2021-05', 'ORIGINAL', '', 'ENTREGUE', 1, 111, '2021-07-19 12:41:27', 1, '2021-07-19 15:35:53', 2),
(70, '2021-05', 'ORIGINAL', '', 'ENTREGUE', 1, 117, '2021-07-19 12:41:28', 1, '2021-07-19 15:00:51', 3),
(71, '2021-05', 'ORIGINAL', '', 'ENTREGUE', 1, 126, '2021-07-19 12:41:28', 1, '2021-07-19 15:22:42', 2),
(72, '2021-05', 'ORIGINAL', '', 'ENTREGUE', 1, 149, '2021-07-19 12:41:28', 1, '2021-07-19 14:20:12', 3),
(73, '2021-05', 'ORIGINAL', '', 'ENTREGUE', 1, 159, '2021-07-19 12:41:28', 1, '2021-07-19 15:06:33', 3),
(74, '2021-05', 'ORIGINAL', '', 'ENTREGUE', 1, 176, '2021-07-19 12:41:28', 1, '2021-07-19 15:36:14', 2),
(75, '2021-05', 'ORIGINAL', '', 'ENTREGUE', 1, 179, '2021-07-19 12:41:28', 1, '2021-07-19 15:06:07', 3),
(76, '2021-05', 'ORIGINAL', '', 'ENTREGUE', 1, 193, '2021-07-19 12:41:28', 1, '2021-07-19 15:00:27', 3),
(77, '2021-05', 'ORIGINAL', '', 'ENTREGUE', 1, 201, '2021-07-19 12:41:28', 1, '2021-07-19 15:06:19', 3),
(78, '2021-05', 'ORIGINAL', '', 'ENTREGUE', 1, 222, '2021-07-19 12:41:28', 1, '2021-07-19 14:59:55', 3),
(79, '2021-05', 'ORIGINAL', '', 'ENTREGUE', 1, 238, '2021-07-19 12:41:28', 1, '2021-07-19 15:02:25', 3),
(80, '2021-05', 'ORIGINAL', '', 'ENTREGUE', 1, 266, '2021-07-19 12:41:28', 1, '2021-07-19 15:02:10', 3),
(81, '2021-05', 'ORIGINAL', '', 'ENTREGUE', 1, 270, '2021-07-19 12:41:28', 1, '2021-07-19 15:00:13', 3),
(82, '2021-05', 'ORIGINAL', '', 'ENTREGUE', 1, 271, '2021-07-19 12:41:29', 1, '2021-07-21 14:26:25', 2),
(83, '2021-05', 'ORIGINAL', '', 'ENTREGUE', 1, 275, '2021-07-19 12:41:29', 1, '2021-07-19 15:04:38', 3),
(84, '2021-05', 'ORIGINAL', '', 'ENTREGUE', 1, 13, '2021-07-19 12:41:29', 1, '2021-07-19 15:03:07', 3),
(85, '2021-05', 'ORIGINAL', '', 'ENTREGUE', 1, 41, '2021-07-19 12:41:29', 1, '2021-07-19 15:24:04', 2),
(86, '2021-05', 'ORIGINAL', '', 'ENTREGUE', 1, 54, '2021-07-19 12:41:29', 1, '2021-07-19 15:03:33', 3),
(87, '2021-05', 'ORIGINAL', '', 'ENTREGUE', 1, 67, '2021-07-19 12:41:29', 1, '2021-07-19 14:18:03', 3),
(88, '2021-05', 'ORIGINAL', '', 'ENTREGUE', 1, 75, '2021-07-19 12:41:29', 1, '2021-07-19 15:18:02', 2),
(89, '2021-05', 'ORIGINAL', '', 'ENTREGUE', 1, 133, '2021-07-19 12:41:29', 1, '2021-07-21 14:30:50', 2),
(90, '2021-05', 'ORIGINAL', '', 'ENTREGUE', 1, 175, '2021-07-19 12:41:29', 1, '2021-07-19 15:05:42', 3),
(91, '2021-05', 'ORIGINAL', '', 'ENTREGUE', 1, 188, '2021-07-19 12:41:29', 1, '2021-07-19 13:42:43', 3),
(92, '2021-05', 'ORIGINAL', '', 'ENTREGUE', 1, 273, '2021-07-19 12:41:29', 1, '2021-07-19 15:03:20', 3),
(93, '2021-06', 'ORIGINAL', '', 'ENTREGUE', 3, 27, '2021-07-19 15:19:44', 1, '2021-07-20 15:36:34', 3),
(94, '2021-06', 'ORIGINAL', '', 'ENTREGUE', 3, 193, '2021-07-19 15:19:55', 1, '2021-07-20 13:40:05', 3),
(95, '2021-06', 'ORIGINAL', '', 'ENTREGUE', 3, 222, '2021-07-20 07:49:54', 1, '2021-07-20 13:41:10', 3),
(96, '2021-06', 'ORIGINAL', '', 'ENTREGUE', 3, 223, '2021-07-20 07:50:11', 1, '2021-07-20 13:43:17', 3),
(97, '2021-05', 'ORIGINAL', '', 'ENTREGUE', 1, 170, '2021-07-20 10:07:51', 1, '2021-07-21 14:29:11', 2),
(98, '2021-05', 'ORIGINAL', '', 'ENTREGUE', 1, 191, '2021-07-20 10:08:10', 1, '2021-07-21 14:28:46', 2),
(99, '2021-05', 'ORIGINAL', '', 'ENTREGUE', 1, 241, '2021-07-20 10:08:24', 1, '2021-07-21 14:30:38', 2),
(100, '2021-05', 'ORIGINAL', '', 'CANCELADA', 1, 248, '2021-07-20 10:08:36', 1, NULL, NULL),
(101, '2021-05', 'ORIGINAL', '', 'ENTREGUE', 1, 169, '2021-07-20 10:09:03', 1, '2021-07-21 14:27:35', 2),
(102, '2021-05', 'ORIGINAL', '', 'ENTREGUE', 1, 140, '2021-07-20 10:10:21', 1, '2021-07-21 14:25:04', 2),
(103, '2021-05', 'ORIGINAL', '', 'ENTREGUE', 1, 16, '2021-07-20 10:10:37', 1, '2021-07-21 14:24:06', 2),
(104, '2021-05', 'ORIGINAL', '', 'ENTREGUE', 1, 200, '2021-07-20 10:11:24', 1, '2021-07-21 14:29:21', 2),
(105, '2021-03', 'SUBSTITUTO', '', 'ENTREGUE', 1, 170, '2021-07-20 10:40:08', 1, '2021-07-21 09:31:55', 1),
(106, '2021-04', 'SUBSTITUTO', '', 'CANCELADA', 3, 170, '2021-07-20 11:17:50', 1, NULL, NULL),
(107, '2021-06', 'ORIGINAL', '', 'ENTREGUE', 3, 252, '2021-07-20 11:18:28', 1, '2021-07-20 13:44:26', 3),
(108, '2021-06', 'ORIGINAL', '', 'ENTREGUE', 3, 210, '2021-07-20 11:18:45', 1, '2021-07-20 15:15:41', 3),
(109, '2021-06', 'ORIGINAL', '', 'ENTREGUE', 3, 169, '2021-07-20 11:19:13', 1, '2021-07-20 13:37:11', 3),
(110, '2021-06', 'ORIGINAL', '', 'ENTREGUE', 3, 174, '2021-07-20 11:19:28', 1, '2021-07-20 13:38:47', 3),
(111, '2021-06', 'ORIGINAL', '', 'ENTREGUE', 3, 264, '2021-07-20 11:22:31', 1, '2021-07-20 13:46:34', 3),
(112, '2021-04', 'SUBSTITUTO', '', 'ENTREGUE', 2, 170, '2021-07-20 13:15:55', 1, '2021-07-21 07:48:55', 1),
(113, '2021-06', 'ORIGINAL', '', 'ENTREGUE', 3, 277, '2021-07-20 13:40:15', 1, '2021-07-20 15:15:52', 3),
(114, '2021-06', 'ORIGINAL', '', 'ENTREGUE', 3, 103, '2021-07-20 13:44:03', 1, '2021-07-20 14:49:52', 1),
(115, '2021-06', 'ORIGINAL', '', 'ENTREGUE', 3, 171, '2021-07-20 13:50:56', 1, '2021-07-20 14:50:18', 1),
(116, '2021-06', 'ORIGINAL', '', 'ENTREGUE', 3, 172, '2021-07-20 13:51:37', 1, '2021-07-20 14:50:25', 1),
(117, '2021-06', 'ORIGINAL', '', 'CANCELADA', 3, 173, '2021-07-20 13:51:59', 1, NULL, NULL),
(118, '2021-06', 'ORIGINAL', '', 'ENTREGUE', 3, 191, '2021-07-20 13:52:09', 1, '2021-07-20 14:50:54', 1),
(119, '2021-06', 'ORIGINAL', '', 'ENTREGUE', 3, 200, '2021-07-20 13:52:23', 1, '2021-07-20 14:51:43', 1),
(120, '2021-06', 'ORIGINAL', '', 'ENTREGUE', 3, 241, '2021-07-20 13:52:39', 1, '2021-07-20 15:16:03', 3),
(121, '2021-06', 'ORIGINAL', '', 'ENTREGUE', 3, 208, '2021-07-20 14:01:44', 1, '2021-07-20 14:51:54', 1),
(122, '2021-06', 'ORIGINAL', '', 'ENTREGUE', 3, 209, '2021-07-20 14:01:52', 1, '2021-07-20 14:51:57', 1),
(123, '2021-06', 'ORIGINAL', '', 'ENTREGUE', 3, 257, '2021-07-20 14:26:40', 1, '2021-07-20 15:23:23', 3),
(124, '2021-06', 'ORIGINAL', '', 'ENTREGUE', 3, 173, '2021-07-20 14:52:24', 1, '2021-07-20 14:52:43', 1),
(125, '2021-05', 'ORIGINAL', '', 'ENTREGUE', 1, 2, '2021-07-20 15:19:57', 1, '2021-07-21 14:30:02', 2),
(126, '2021-05', 'ORIGINAL', '', 'ENTREGUE', 1, 71, '2021-07-20 15:20:46', 1, '2021-07-21 14:40:24', 2),
(127, '2021-05', 'ORIGINAL', '', 'ENTREGUE', 1, 76, '2021-07-20 15:21:08', 1, '2021-07-21 14:26:59', 2),
(128, '2021-05', 'ORIGINAL', '', 'ENTREGUE', 1, 139, '2021-07-20 15:21:35', 1, '2021-07-21 14:25:47', 2),
(129, '2021-05', 'ORIGINAL', '', 'ENTREGUE', 1, 194, '2021-07-20 15:21:49', 1, '2021-07-21 14:26:47', 2),
(130, '2021-05', 'ORIGINAL', '', 'ENTREGUE', 1, 252, '2021-07-20 15:22:07', 1, '2021-07-21 14:27:24', 2),
(131, '2021-06', 'ORIGINAL', '', 'ENTREGUE', 3, 276, '2021-07-20 15:31:08', 1, '2021-07-21 07:48:45', 1),
(132, '2021-05', 'ORIGINAL', '', 'ENTREGUE', 1, 50, '2021-07-21 08:18:18', 1, '2021-07-21 14:25:16', 2),
(133, '2021-05', 'ORIGINAL', '', 'ENTREGUE', 1, 208, '2021-07-21 08:18:32', 1, '2021-07-21 14:28:03', 2),
(134, '2021-05', 'ORIGINAL', '', 'ENTREGUE', 1, 182, '2021-07-21 08:18:45', 1, '2021-07-21 14:28:07', 2),
(135, '2021-05', 'ORIGINAL', '', 'ENTREGUE', 1, 119, '2021-07-21 13:01:59', 1, '2021-07-21 14:30:19', 2),
(136, '2021-06', 'SUBSTITUTO', '', 'ENTREGUE', 3, 27, '2021-07-23 11:19:45', 1, '2021-07-26 14:30:07', 3),
(137, '2021-07', 'SUBSTITUTO', '', 'CANCELADA', 3, 27, '2021-07-23 11:19:56', 1, NULL, NULL),
(138, '2021-05', 'SUBSTITUTO', '', 'ENTREGUE', 3, 27, '2021-07-26 13:44:36', 1, '2021-07-26 14:30:02', 3),
(139, '2021-05', 'SUBSTITUTO', '', 'ENTREGUE', 1, 54, '2021-07-29 08:57:27', 1, '2021-07-29 14:33:49', 3),
(140, '2021-03', 'SUBSTITUTO', '', 'ERRO', 3, 172, '2021-07-29 08:57:59', 1, NULL, NULL),
(141, '2021-03', 'SUBSTITUTO', '', 'ENTREGUE', 2, 169, '2021-07-29 09:48:44', 1, '2021-07-29 14:05:36', 3),
(142, '2021-03', 'SUBSTITUTO', '', 'ENTREGUE', 1, 169, '2021-07-29 09:49:04', 1, '2021-07-29 14:33:52', 3),
(143, '2021-05', 'SUBSTITUTO', '', 'ENTREGUE', 2, 54, '2021-07-29 11:17:56', 1, '2021-07-29 14:13:35', 3),
(144, '2021-06', 'ORIGINAL', '', 'ENTREGUE', 1, 176, '2021-08-04 10:12:43', 1, '2021-08-04 13:52:52', 3),
(145, '2021-06', 'ORIGINAL', '', 'ENTREGUE', 2, 176, '2021-08-04 10:13:21', 1, '2021-08-04 13:47:34', 3),
(146, '2021-06', 'ORIGINAL', '', 'LIBERADA', 2, 2, '2021-08-10 14:37:46', 1, NULL, NULL),
(147, '2021-06', 'ORIGINAL', '', 'ENTREGUE', 2, 71, '2021-08-10 14:37:47', 1, '2021-08-10 15:23:14', 3),
(148, '2021-06', 'ORIGINAL', '', 'ENTREGUE', 2, 76, '2021-08-10 14:37:47', 1, '2021-08-10 15:23:17', 3),
(149, '2021-06', 'ORIGINAL', '', 'ENTREGUE', 2, 139, '2021-08-10 14:37:47', 1, '2021-08-10 15:23:20', 3),
(150, '2021-06', 'ORIGINAL', '', 'ENTREGUE', 2, 194, '2021-08-10 14:37:47', 1, '2021-08-10 15:23:23', 3),
(151, '2021-06', 'ORIGINAL', '', 'ENTREGUE', 2, 252, '2021-08-10 14:37:48', 1, '2021-08-10 15:23:26', 3),
(152, '2021-06', 'ORIGINAL', '', 'LIBERADA', 2, 8, '2021-08-11 14:03:04', NULL, NULL, NULL),
(153, '2021-06', 'ORIGINAL', '', 'LIBERADA', 2, 18, '2021-08-11 14:03:04', NULL, NULL, NULL),
(154, '2021-06', 'ORIGINAL', '', 'LIBERADA', 2, 67, '2021-08-11 14:03:04', NULL, NULL, NULL),
(155, '2021-06', 'ORIGINAL', '', 'LIBERADA', 2, 117, '2021-08-11 14:03:04', NULL, NULL, NULL),
(156, '2021-06', 'ORIGINAL', '', 'LIBERADA', 2, 119, '2021-08-11 14:03:04', NULL, NULL, NULL),
(157, '2021-06', 'ORIGINAL', '', 'LIBERADA', 2, 126, '2021-08-11 14:03:05', NULL, NULL, NULL),
(158, '2021-06', 'ORIGINAL', '', 'LIBERADA', 2, 133, '2021-08-11 14:03:05', NULL, NULL, NULL),
(159, '2021-06', 'ORIGINAL', '', 'LIBERADA', 2, 149, '2021-08-11 14:03:05', NULL, NULL, NULL),
(160, '2021-06', 'ORIGINAL', '', 'LIBERADA', 2, 188, '2021-08-11 14:03:05', NULL, NULL, NULL),
(161, '2021-06', 'ORIGINAL', '', 'LIBERADA', 2, 238, '2021-08-11 14:03:05', NULL, NULL, NULL),
(162, '2021-06', 'ORIGINAL', '', 'LIBERADA', 2, 266, '2021-08-11 14:03:05', NULL, NULL, NULL),
(163, '2021-06', 'ORIGINAL', '', 'LIBERADA', 2, 53, '2021-08-11 14:03:06', NULL, NULL, NULL),
(164, '2021-06', 'ORIGINAL', '', 'LIBERADA', 2, 54, '2021-08-11 14:03:06', NULL, NULL, NULL),
(165, '2021-06', 'ORIGINAL', '', 'LIBERADA', 2, 57, '2021-08-11 14:03:06', NULL, NULL, NULL),
(166, '2021-06', 'ORIGINAL', '', 'LIBERADA', 2, 75, '2021-08-11 14:03:06', NULL, NULL, NULL),
(167, '2021-06', 'ORIGINAL', '', 'LIBERADA', 2, 159, '2021-08-11 14:03:06', NULL, NULL, NULL),
(168, '2021-06', 'ORIGINAL', '', 'LIBERADA', 2, 179, '2021-08-11 14:03:06', NULL, NULL, NULL),
(169, '2021-06', 'ORIGINAL', '', 'LIBERADA', 2, 193, '2021-08-11 14:03:06', NULL, NULL, NULL),
(170, '2021-06', 'ORIGINAL', '', 'LIBERADA', 2, 208, '2021-08-11 14:03:07', NULL, NULL, NULL),
(171, '2021-06', 'ORIGINAL', '', 'LIBERADA', 2, 271, '2021-08-11 14:03:07', NULL, NULL, NULL),
(172, '2021-06', 'ORIGINAL', '', 'LIBERADA', 2, 273, '2021-08-11 14:03:07', NULL, NULL, NULL),
(173, '2021-06', 'ORIGINAL', '', 'LIBERADA', 2, 275, '2021-08-11 14:04:08', 1, NULL, NULL);